{
  "project_info": {
    "project_id": "tabioapp-1261",
    "project_number": "206615258807",
    "name": "Tabioapp"
  },
  "client": [
    {
      "client_info": {
        "mobilesdk_app_id": "1:206615258807:android:29744ba1a0357c64",
        "client_id": "android:com.tabio.tabioapp",
        "client_type": 1,
        "android_client_info": {
          "package_name": "com.tabio.tabioapp",
          "certificate_hash": []
        }
      },
      "oauth_client": [],
      "api_key": [],
      "services": {
        "analytics_service": {
          "status": 1
        },
        "cloud_messaging_service": {
          "status": 2,
          "apns_config": []
        },
        "appinvite_service": {
          "status": 1,
          "other_platform_oauth_client": []
        },
        "google_signin_service": {
          "status": 1
        },
        "ads_service": {
          "status": 1
        }
      }
    }
  ],
  "client_info": [],
  "ARTIFACT_VERSION": "1"
}